Type,Combined_LP100KM,Make_Model
Two Seaters,11.2007,Acura_NSX
Two Seaters,8.4184,ALFA ROMEO_4C
Two Seaters,11.2299,Aston Martin Lagonda Ltd_Vantage V8
Two Seaters,9.0484,Audi_TT Roadster quattro
Two Seaters,8.513,BMW_Z4 sDrive30i
Two Seaters,22.2066,Bugatti_Chiron
Two Seaters,16.1326,Chevrolet_CORVETTE
Two Seaters,12.9529,Chevrolet_CORVETTE
Two Seaters,14.0261,Chevrolet_CORVETTE
Two Seaters,15.6358,Chevrolet_CORVETTE
Two Seaters,13.52,Chevrolet_CORVETTE
Two Seaters,12.2249,Chevrolet_CORVETTE
Two Seaters,13.1345,"Ferrari North America, Inc._488 gtb"
Two Seaters,13.2657,"Ferrari North America, Inc._488 gtb"
Two Seaters,13.9873,"Ferrari North America, Inc._488 Pista"
Two Seaters,14.1598,"Ferrari North America, Inc._488 Pista Spider"
Two Seaters,13.1345,"Ferrari North America, Inc._488 Spider"
Two Seaters,13.2657,"Ferrari North America, Inc._488 Spider"
Two Seaters,17.6307,"Ferrari North America, Inc._812 Superfast"
Two Seaters,8.0279,FIAT_124 Spider
Two Seaters,7.9287,FIAT_124 Spider
Two Seaters,17.2765,Ford_FORD GT
Two Seaters,9.1657,Jaguar_F-TYPE Convertible
Two Seaters,10.3656,Jaguar_F-TYPE Convertible
Two Seaters,12.6021,Jaguar_F-TYPE Convertible Manual
Two Seaters,9.1657,Jaguar_F-TYPE Coupe
Two Seaters,10.3656,Jaguar_F-TYPE Coupe
Two Seaters,12.6021,Jaguar_F-TYPE Coupe Manual
Two Seaters,13.4179,Jaguar_F-TYPE R AWD Convertible
Two Seaters,13.4179,Jaguar_F-TYPE R AWD Coupe
Two Seaters,11.274,Jaguar_F-TYPE S AWD Convertible
Two Seaters,11.274,Jaguar_F-TYPE S AWD Coupe
Two Seaters,10.7713,Jaguar_F-TYPE S Convertible
Two Seaters,12.8767,Jaguar_F-TYPE S Convertible Manual
Two Seaters,10.7713,Jaguar_F-TYPE S Coupe
Two Seaters,12.8767,Jaguar_F-TYPE S Coupe Manual
Two Seaters,12.7495,Jaguar_F-TYPE SVR AWD Convertible GEN2
Two Seaters,12.7495,Jaguar_F-TYPE SVR AWD Coupe GEN2
Two Seaters,21.4628,Lamborghini_Aventador Coupe
Two Seaters,21.7166,Lamborghini_Aventador Roadster
Two Seaters,15.5927,Lamborghini_Huracan
Two Seaters,15.8601,Lamborghini_Huracan 2WD
Two Seaters,15.5927,Lamborghini_Huracan Spyder
Two Seaters,15.8601,Lamborghini_Huracan Spyder 2WD
Two Seaters,7.9133,MAZDA_MX-5
Two Seaters,8.1004,MAZDA_MX-5
Two Seaters,12.9728,Mercedes-Benz_AMG GT (coupe)
Two Seaters,12.9728,Mercedes-Benz_AMG GT (roadster)
Two Seaters,13.4822,Mercedes-Benz_AMG GT C (coupe)
Two Seaters,13.4822,Mercedes-Benz_AMG GT C (roadster)
Two Seaters,14.0325,Mercedes-Benz_AMG GT R (coupe)
Two Seaters,13.0314,Mercedes-Benz_AMG GT S (coupe)
Two Seaters,13.008,Mercedes-Benz_AMG SL 63
Two Seaters,10.1801,Mercedes-Benz_AMG SLC 43
Two Seaters,10.3239,Mercedes-Benz_SL 450
Two Seaters,11.5895,Mercedes-Benz_SL 550
Two Seaters,8.7871,Mercedes-Benz_SLC 300
Two Seaters,10.8097,NISSAN_370Z
Two Seaters,11.7859,NISSAN_370Z
Two Seaters,11.3346,NISSAN_370Z Roadster
Two Seaters,13.5181,Porsche_911 GT2 RS
Two Seaters,13.9346,Porsche_911 GT3
Two Seaters,15.0716,Porsche_911 GT3
Two Seaters,14.3424,Porsche_911 GT3 RS
Two Seaters,14.0676,Porsche_911 GT3 Touring
Two Seaters,9.3876,Porsche_Boxster
Two Seaters,9.7965,Porsche_Boxster
Two Seaters,10.6492,Porsche_Boxster GTS
Two Seaters,11.0352,Porsche_Boxster GTS
Two Seaters,9.8769,Porsche_Boxster S
Two Seaters,10.6811,Porsche_Boxster S
Two Seaters,9.3876,Porsche_Cayman
Two Seaters,9.7965,Porsche_Cayman
Two Seaters,10.6492,Porsche_Cayman GTS
Two Seaters,11.0352,Porsche_Cayman GTS
Two Seaters,9.8769,Porsche_Cayman S
Two Seaters,10.6811,Porsche_Cayman S
Minicompact Cars,13.2723,Aston Martin Lagonda Ltd_DB11 V12
Minicompact Cars,11.5227,Aston Martin Lagonda Ltd_DB11 V8
Minicompact Cars,13.8106,Aston Martin Lagonda Ltd_DBS
Minicompact Cars,14.718,Aston Martin Lagonda Ltd_Vanquish S
Minicompact Cars,17.5732,"Ferrari North America, Inc._GTC4Lusso"
Minicompact Cars,13.8411,"Ferrari North America, Inc._GTC4Lusso T"
Minicompact Cars,12.9442,"Ferrari North America, Inc._Portofino"
Minicompact Cars,8.6646,FIAT_500
Minicompact Cars,7.9024,FIAT_500
Minicompact Cars,8.6646,FIAT_500 Abarth
Minicompact Cars,7.9024,FIAT_500 Abarth
Minicompact Cars,7.8782,Mini_COOPER CONVERTIBLE
Minicompact Cars,7.4863,Mini_COOPER CONVERTIBLE
Minicompact Cars,8.3448,Mini_COOPER S CONVERTIBLE
Minicompact Cars,8.9536,Mini_COOPER S CONVERTIBLE
Minicompact Cars,8.3448,Mini_JOHN COOPER WORKS CONVERTIBLE
Minicompact Cars,9.2909,Mini_JOHN COOPER WORKS CONVERTIBLE
Minicompact Cars,9.4418,Porsche_911 Carrera
Minicompact Cars,10.1383,Porsche_911 Carrera
Minicompact Cars,9.6074,Porsche_911 Carrera 4
Minicompact Cars,10.3613,Porsche_911 Carrera 4
Minicompact Cars,9.812,Porsche_911 Carrera 4 Cabriolet
Minicompact Cars,10.5105,Porsche_911 Carrera 4 Cabriolet
Minicompact Cars,10.6432,Porsche_911 Carrera 4 GTS
Minicompact Cars,11.043,Porsche_911 Carrera 4 GTS
Minicompact Cars,10.7404,Porsche_911 Carrera 4 GTS Cabriolet
Minicompact Cars,11.1476,Porsche_911 Carrera 4 GTS Cabriolet
Minicompact Cars,9.8948,Porsche_911 Carrera 4S
Minicompact Cars,10.428,Porsche_911 Carrera 4S
Minicompact Cars,9.8598,Porsche_911 Carrera 4S Cabriolet
Minicompact Cars,10.5242,Porsche_911 Carrera 4S Cabriolet
Minicompact Cars,9.6887,Porsche_911 Carrera Cabriolet
Minicompact Cars,10.3014,Porsche_911 Carrera Cabriolet
Minicompact Cars,10.4077,Porsche_911 Carrera GTS
Minicompact Cars,11.1476,Porsche_911 Carrera GTS
Minicompact Cars,10.6432,Porsche_911 Carrera GTS Cabriolet
Minicompact Cars,11.043,Porsche_911 Carrera GTS Cabriolet
Minicompact Cars,9.6613,Porsche_911 Carrera S
Minicompact Cars,10.3427,Porsche_911 Carrera S
Minicompact Cars,9.7285,Porsche_911 Carrera S Cabriolet
Minicompact Cars,10.3877,Porsche_911 Carrera S Cabriolet
Minicompact Cars,10.6432,Porsche_911 Carrera T
Minicompact Cars,12.2508,Porsche_911 Carrera T
Minicompact Cars,9.7561,Porsche_911 Targa 4
Minicompact Cars,10.5105,Porsche_911 Targa 4
Minicompact Cars,10.7897,Porsche_911 Targa 4 GTS
Minicompact Cars,11.4182,Porsche_911 Targa 4 GTS
Minicompact Cars,9.9803,Porsche_911 Targa 4S
Minicompact Cars,10.5242,Porsche_911 Targa 4S
Minicompact Cars,11.383,Porsche_911 Turbo
Minicompact Cars,11.4229,Porsche_911 Turbo Cabriolet
Minicompact Cars,11.383,Porsche_911 Turbo S
Minicompact Cars,11.4229,Porsche_911 Turbo S Cabriolet
Minicompact Cars,12.7401,Porsche_911 Turbo S Exclusive Cabriolet
Minicompact Cars,8.5587,Subaru_BRZ
Minicompact Cars,9.8525,Subaru_BRZ
Minicompact Cars,8.7119,TOYOTA_86
Minicompact Cars,9.8838,TOYOTA_86
Subcompact Cars,14.1314,Aston Martin Lagonda Ltd_Rapide S
Subcompact Cars,8.0727,Audi_A3
Subcompact Cars,8.0727,Audi_A3 Cabriolet
Subcompact Cars,9.451,Audi_A3 Cabriolet quattro
Subcompact Cars,9.5684,Audi_A3 quattro
Subcompact Cars,8.6738,Audi_A5 Cabriolet quattro
Subcompact Cars,8.6738,Audi_A5 quattro
Subcompact Cars,11.2578,Audi_RS 5
Subcompact Cars,9.5262,Audi_S3
Subcompact Cars,9.7861,Audi_S5
Subcompact Cars,9.9372,Audi_S5 Cabriolet
Subcompact Cars,9.0484,Audi_TT Coupe quattro
Subcompact Cars,9.3924,Audi_TTS Coupe
Subcompact Cars,8.7935,BMW_230i Convertible
Subcompact Cars,8.4501,BMW_230i Coupe
Subcompact Cars,9.4398,BMW_230i Coupe
Subcompact Cars,8.7801,BMW_230i xDrive Convertible
Subcompact Cars,8.6592,BMW_230i xDrive Coupe
Subcompact Cars,8.584,BMW_430i Convertible
Subcompact Cars,9.1493,BMW_430i xDrive Convertible
Subcompact Cars,9.862,BMW_440i Convertible
Subcompact Cars,10.1813,BMW_440i xDrive Convertible
Subcompact Cars,12.4589,BMW_M2 Competition
Subcompact Cars,11.6643,BMW_M2 Competition
Subcompact Cars,9.7496,BMW_M240i Convertible
Subcompact Cars,10.9667,BMW_M240i Convertible
Subcompact Cars,9.7496,BMW_M240i Coupe
Subcompact Cars,10.9888,BMW_M240i Coupe
Subcompact Cars,9.7496,BMW_M240i Coupe M Performance
Subcompact Cars,10.9888,BMW_M240i Coupe M Performance
Subcompact Cars,9.7644,BMW_M240i xDrive Convertible
Subcompact Cars,9.7644,BMW_M240i xDrive Coupe
Subcompact Cars,9.7644,BMW_M240i xDrive Coupe M Performance
Subcompact Cars,12.7126,BMW_M4 Convertible
Subcompact Cars,11.8612,BMW_M4 Convertible
Subcompact Cars,12.7126,BMW_M4 Convertible Competition
Subcompact Cars,11.8612,BMW_M4 Convertible Competition
Subcompact Cars,11.5575,BMW_M850i xDrive Convertible
Subcompact Cars,11.5124,BMW_M850i xDrive Coupe
Subcompact Cars,9.8718,Buick_CASCADA
Subcompact Cars,9.3965,Chevrolet_CAMARO
Subcompact Cars,10.0694,Chevrolet_CAMARO
Subcompact Cars,10.465,Chevrolet_CAMARO
Subcompact Cars,11.796,Chevrolet_CAMARO
Subcompact Cars,11.9512,Chevrolet_CAMARO
Subcompact Cars,15.1114,Chevrolet_CAMARO
Subcompact Cars,12.6265,Chevrolet_CAMARO
Subcompact Cars,14.9461,Chevrolet_CAMARO
Subcompact Cars,7.1657,Chevrolet_SPARK
Subcompact Cars,7.2272,Chevrolet_SPARK
Subcompact Cars,7.1657,Chevrolet_SPARK ACTIV
Subcompact Cars,7.3505,Chevrolet_SPARK ACTIV
Subcompact Cars,7.557,Ford_Fiesta FWD
Subcompact Cars,7.8064,Ford_Fiesta FWD
Subcompact Cars,9.2522,Ford_MUSTANG
Subcompact Cars,9.5321,Ford_MUSTANG
Subcompact Cars,12.4598,Ford_MUSTANG
Subcompact Cars,12.9119,Ford_MUSTANG
Subcompact Cars,12.9119,Ford_MUSTANG BULLITT
Subcompact Cars,10.3324,Ford_MUSTANG CONVERTIBLE
Subcompact Cars,10.2267,Ford_MUSTANG CONVERTIBLE
Subcompact Cars,13.0362,Ford_MUSTANG CONVERTIBLE
Subcompact Cars,10.2267,Ford_MUSTANG PERFORMANCE PACKAGE
Subcompact Cars,10.2267,Ford_MUSTANG PERFORMANCE PACKAGE
Subcompact Cars,14.5579,Ford_SHELBY GT350 MUSTANG
Subcompact Cars,9.3269,INFINITI_Q60
Subcompact Cars,10.4775,INFINITI_Q60
Subcompact Cars,9.9125,INFINITI_Q60 AWD
Subcompact Cars,10.8039,INFINITI_Q60 AWD
Subcompact Cars,11.2007,INFINITI_Q60 AWD RED SPORT
Subcompact Cars,10.6916,INFINITI_Q60 RED SPORT
Subcompact Cars,12.5971,LEXUS_LC 500
Subcompact Cars,7.9416,LEXUS_LC 500h
Subcompact Cars,9.6044,LEXUS_RC 300
Subcompact Cars,10.942,LEXUS_RC 300 AWD
Subcompact Cars,10.3129,LEXUS_RC 350
Subcompact Cars,10.942,LEXUS_RC 350 AWD
Subcompact Cars,12.3797,LEXUS_RC F
Subcompact Cars,15.0247,MASERATI_GRANTURISMO CONVERTIBLE
Subcompact Cars,8.2972,Mercedes-Benz_A 220
Subcompact Cars,8.4251,Mercedes-Benz_A 220 4MATIC
Subcompact Cars,11.1633,Mercedes-Benz_AMG C 43 4MATIC (convertible)
Subcompact Cars,10.8321,Mercedes-Benz_AMG C 43 4MATIC (coupe)
Subcompact Cars,11.941,Mercedes-Benz_AMG C 63 (convertible)
Subcompact Cars,11.7313,Mercedes-Benz_AMG C 63 (coupe)
Subcompact Cars,11.941,Mercedes-Benz_AMG C 63 S (convertible)
Subcompact Cars,11.7313,Mercedes-Benz_AMG C 63 S (coupe)
Subcompact Cars,10.43,Mercedes-Benz_AMG E53 4MATIC+ (Convertible)
Subcompact Cars,10.0688,Mercedes-Benz_AMG E53 4MATIC+ (Coupe)
Subcompact Cars,13.0773,Mercedes-Benz_AMG S 63 4MATIC (convertible)
Subcompact Cars,14.3323,Mercedes-Benz_AMG S 65 (convertible)
Subcompact Cars,9.8137,Mercedes-Benz_C 300 (convertible)
Subcompact Cars,9.4584,Mercedes-Benz_C 300 (Coupe)
Subcompact Cars,9.8514,Mercedes-Benz_C 300 4MATIC (convertible)
Subcompact Cars,9.4727,Mercedes-Benz_C 300 4MATIC (Coupe)
Subcompact Cars,10.3686,Mercedes-Benz_E 450 (convertible)
Subcompact Cars,10.2632,Mercedes-Benz_E 450 (coupe)
Subcompact Cars,10.7877,Mercedes-Benz_E 450 4MATIC (convertible)
Subcompact Cars,10.82,Mercedes-Benz_E 450 4MATIC (coupe)
Subcompact Cars,11.6567,Mercedes-Benz_S 560 (convertible)
Subcompact Cars,7.8782,Mini_COOPER HARDTOP 2 DOOR
Subcompact Cars,7.4614,Mini_COOPER HARDTOP 2 DOOR
Subcompact Cars,7.8782,Mini_COOPER HARDTOP 4 DOOR
Subcompact Cars,7.4863,Mini_COOPER HARDTOP 4 DOOR
Subcompact Cars,8.3637,Mini_COOPER S HARDTOP 2 DOOR
Subcompact Cars,8.9536,Mini_COOPER S HARDTOP 2 DOOR
Subcompact Cars,8.3637,Mini_COOPER S HARDTOP 4 DOOR
Subcompact Cars,8.9536,Mini_COOPER S HARDTOP 4 DOOR
Subcompact Cars,8.3637,Mini_JOHN COOPER WORKS HARDTOP
Subcompact Cars,8.9536,Mini_JOHN COOPER WORKS HARDTOP
Subcompact Cars,13.0675,NISSAN_GT-R
Subcompact Cars,16.0193,"Roush Industries, Inc._Roush Stage 3 Mustang"
Subcompact Cars,15.3923,"Roush Industries, Inc._Roush Stage 3 Mustang"
Subcompact Cars,8.1837,Volkswagen_Beetle Convertible
Compact Cars,8.4231,Acura_ILX
Compact Cars,10.0792,Acura_TLX AWD
Compact Cars,10.2933,Acura_TLX AWD A-SPEC
Compact Cars,8.7159,Acura_TLX FWD
Compact Cars,9.9261,Acura_TLX FWD
Compact Cars,8.9278,Acura_TLX FWD A-SPEC
Compact Cars,10.0903,Acura_TLX FWD A-SPEC
Compact Cars,7.8063,Audi_A4
Compact Cars,8.6738,Audi_A4 quattro
Compact Cars,9.7861,Audi_S4
Compact Cars,7.9425,BMW_330i
Compact Cars,8.3206,BMW_330i xDrive
Compact Cars,8.584,BMW_430i Coupe
Compact Cars,9.2913,BMW_430i Coupe
Compact Cars,8.584,BMW_430i Gran Coupe
Compact Cars,8.7801,BMW_430i xDrive Coupe
Compact Cars,8.7801,BMW_430i xDrive Gran Coupe
Compact Cars,9.3787,BMW_440i Coupe
Compact Cars,10.7757,BMW_440i Coupe
Compact Cars,9.3787,BMW_440i Gran Coupe
Compact Cars,9.7308,BMW_440i xDrive Coupe
Compact Cars,10.9864,BMW_440i xDrive Coupe
Compact Cars,9.7308,BMW_440i xDrive Gran Coupe
Compact Cars,10.0709,BMW_640i Gran Coupe
Compact Cars,10.4935,BMW_640i xDrive Gran Coupe
Compact Cars,11.4185,BMW_650i Gran Coupe
Compact Cars,11.8759,BMW_650i xDrive Gran Coupe
Compact Cars,11.8759,BMW_Alpina B6 xDrive Gran Coupe
Compact Cars,12.4589,BMW_M4 Coupe
Compact Cars,11.6643,BMW_M4 Coupe
Compact Cars,12.4589,BMW_M4 Coupe Competition
Compact Cars,11.6643,BMW_M4 Coupe Competition
Compact Cars,12.4589,BMW_M4 CS
Compact Cars,14.6979,BMW_M6 Gran Coupe
Compact Cars,13.8186,BMW_M6 Gran Coupe
Compact Cars,9.32,Cadillac_ATS
Compact Cars,10.4527,Cadillac_ATS
Compact Cars,9.921,Cadillac_ATS AWD
Compact Cars,11.4535,Cadillac_ATS AWD
Compact Cars,11.8946,Cadillac_ATS-V
Compact Cars,12.5961,Cadillac_ATS-V
Compact Cars,7.0759,Chevrolet_CRUZE
Compact Cars,7.3418,Chevrolet_CRUZE
Compact Cars,6.3912,Chevrolet_CRUZE
Compact Cars,7.3418,Chevrolet_CRUZE PREMIER
Compact Cars,8.1593,Chevrolet_SONIC
Compact Cars,7.5586,Chevrolet_SONIC
Compact Cars,8.4595,Ford_Fiesta ST FWD
Compact Cars,10.0977,GENESIS_G70 AWD
Compact Cars,11.6013,GENESIS_G70 AWD
Compact Cars,9.4596,GENESIS_G70 RWD
Compact Cars,10.8505,GENESIS_G70 RWD
Compact Cars,11.2704,GENESIS_G70 RWD
Compact Cars,6.8144,Honda_CIVIC 2Dr
Compact Cars,7.1747,Honda_CIVIC 2Dr
Compact Cars,7.4299,Honda_CIVIC 2Dr
Compact Cars,7.0531,Honda_CIVIC 2Dr
Compact Cars,7.4551,Honda_CIVIC 2Dr
Compact Cars,8.0893,Honda_CIVIC 2Dr
Compact Cars,7.361,HYUNDAI MOTOR COMPANY_Accent
Compact Cars,7.5201,HYUNDAI MOTOR COMPANY_Accent
Compact Cars,7.7695,HYUNDAI MOTOR COMPANY_Veloster
Compact Cars,8.1234,HYUNDAI MOTOR COMPANY_Veloster
Compact Cars,7.8807,HYUNDAI MOTOR COMPANY_Veloster
Compact Cars,8.3301,HYUNDAI MOTOR COMPANY_Veloster
Compact Cars,9.5228,HYUNDAI MOTOR COMPANY_Veloster N
Compact Cars,8.7117,INFINITI_QX30
Compact Cars,9.5092,INFINITI_QX30 AWD
Compact Cars,6.558,Jaguar_XE
Compact Cars,8.2811,Jaguar_XE
Compact Cars,9.8037,Jaguar_XE
Compact Cars,6.9159,Jaguar_XE AWD
Compact Cars,8.5181,Jaguar_XE AWD
Compact Cars,10.1726,Jaguar_XE AWD
Compact Cars,12.731,Jaguar_XE AWD
Compact Cars,7.4291,KIA MOTORS CORPORATION_Rio
Compact Cars,7.383,KIA MOTORS CORPORATION_Rio
Compact Cars,12.5441,LEXUS_GS F
Compact Cars,9.6044,LEXUS_IS 300
Compact Cars,10.942,LEXUS_IS 300 AWD
Compact Cars,10.3129,LEXUS_IS 350
Compact Cars,10.942,LEXUS_IS 350 AWD
Compact Cars,5.5922,LEXUS_UX 250h
Compact Cars,6.0312,LEXUS_UX 250h AWD
Compact Cars,7.6628,MAZDA_CX-3 2WD
Compact Cars,8.0639,MAZDA_CX-3 4WD
Compact Cars,6.7329,MAZDA_MAZDA2
Compact Cars,6.9022,MAZDA_MAZDA2
Compact Cars,7.7945,MAZDA_Mazda3 4-Door 2WD
Compact Cars,7.9416,MAZDA_Mazda3 4-Door 2WD
Compact Cars,8.3031,MAZDA_Mazda3 4-Door 4WD
Compact Cars,10.7318,Mercedes-Benz_AMG C 43 4MATIC
Compact Cars,11.2142,Mercedes-Benz_AMG C 63
Compact Cars,11.2142,Mercedes-Benz_AMG C 63 S
Compact Cars,9.1609,Mercedes-Benz_AMG CLA 45 4MATIC
Compact Cars,10.0259,Mercedes-Benz_AMG CLS53 4MATIC+
Compact Cars,11.2244,Mercedes-Benz_AMG GT 53 4MATIC+
Compact Cars,13.6916,Mercedes-Benz_AMG GT 63 4MATIC+
Compact Cars,13.7343,Mercedes-Benz_AMG GT 63 S 4MATIC+
Compact Cars,11.6005,Mercedes-Benz_AMG S 63 4MATIC (coupe)
Compact Cars,14.6169,Mercedes-Benz_AMG S 65 (coupe)
Compact Cars,8.7748,Mercedes-Benz_C 300
Compact Cars,9.0421,Mercedes-Benz_C 300 4MATIC
Compact Cars,8.203,Mercedes-Benz_CLA 250
Compact Cars,8.7309,Mercedes-Benz_CLA 250 4MATIC
Compact Cars,8.7309,Mercedes-Benz_CLA 250 4MATIC
Compact Cars,8.8767,Mercedes-Benz_CLS 450
Compact Cars,9.1291,Mercedes-Benz_CLS 450 4MATIC
Compact Cars,11.6969,Mercedes-Benz_S 560 4MATIC (coupe)
Compact Cars,6.1019,Mitsubishi Motors Corporation_MIRAGE
Compact Cars,6.4623,Mitsubishi Motors Corporation_MIRAGE
Compact Cars,6.3572,Mitsubishi Motors Corporation_MIRAGE G4
Compact Cars,6.7204,Mitsubishi Motors Corporation_MIRAGE G4
Compact Cars,6.924,NISSAN_VERSA
Compact Cars,7.8405,NISSAN_VERSA
Compact Cars,16.9323,Rolls-Royce Motor Cars Limited_Dawn
Compact Cars,11.458,Subaru_WRX
Compact Cars,10.1771,Subaru_WRX
Compact Cars,12.6396,Subaru_WRX
Compact Cars,8.1636,TOYOTA_C-HR
Compact Cars,6.5767,TOYOTA_COROLLA HATCHBACK
Compact Cars,7.4751,TOYOTA_COROLLA HATCHBACK MANUAL
Compact Cars,7.0916,TOYOTA_COROLLA HATCHBACK XSE
Compact Cars,5.09,TOYOTA_PRIUS c
Compact Cars,7.3851,TOYOTA_YARIS
Compact Cars,6.7204,TOYOTA_YARIS
Compact Cars,6.8501,TOYOTA_YARIS
Compact Cars,8.1837,Volkswagen_Beetle
Compact Cars,7.3569,Volkswagen_Golf
Compact Cars,7.2898,Volkswagen_Golf
Compact Cars,9.1514,Volkswagen_Golf R
Compact Cars,9.9341,Volkswagen_Golf R
Compact Cars,8.6453,Volkswagen_GTI
Compact Cars,8.6972,Volkswagen_GTI
Compact Cars,6.9576,Volkswagen_Jetta
Compact Cars,7.004,Volkswagen_Jetta
Compact Cars,8.3836,Volkswagen_Jetta
Compact Cars,8.5446,Volkswagen_Jetta
Compact Cars,9.3533,"Volvo Cars of North America, LLC_S60 AWD"
Compact Cars,8.4075,"Volvo Cars of North America, LLC_S60 FWD"
Midsize Cars,8.4005,Acura_RLX
Midsize Cars,10.14,Acura_RLX
Midsize Cars,8.7263,ALFA ROMEO_Giulia
Midsize Cars,11.9363,ALFA ROMEO_Giulia
Midsize Cars,9.2085,ALFA ROMEO_Giulia AWD
Midsize Cars,8.6738,Audi_A5 Sportback quattro
Midsize Cars,9.5587,Audi_A6 quattro
Midsize Cars,9.5587,Audi_A7 quattro
Midsize Cars,11.4959,Audi_RS 5 Sportback
Midsize Cars,9.7861,Audi_S5 Sportback
Midsize Cars,19.9826,Bentley_Mulsanne
Midsize Cars,8.584,BMW_530i
Midsize Cars,8.7801,BMW_530i xDrive
Midsize Cars,9.877,BMW_540i
Midsize Cars,9.7881,BMW_540i xDrive
Midsize Cars,13.8556,BMW_M5
Midsize Cars,13.8556,BMW_M5 Competition
Midsize Cars,11.5124,BMW_M550i xDrive
Midsize Cars,9.2593,BMW_X2 M35i
Midsize Cars,9.0649,BMW_X2 sDrive28i
Midsize Cars,9.4927,BMW_X2 xDrive28i
Midsize Cars,8.203,Buick_LACROSSE
Midsize Cars,9.9242,Buick_LACROSSE
Midsize Cars,10.1339,Buick_LACROSSE AWD
Midsize Cars,9.1262,Buick_REGAL
Midsize Cars,9.647,Buick_REGAL AWD
Midsize Cars,10.6916,Buick_REGAL AWD
Midsize Cars,9.3603,Cadillac_CTS
Midsize Cars,10.4527,Cadillac_CTS
Midsize Cars,12.3797,Cadillac_CTS
Midsize Cars,9.921,Cadillac_CTS AWD
Midsize Cars,11.4535,Cadillac_CTS AWD
Midsize Cars,14.3454,Cadillac_CTS-V
Midsize Cars,7.3418,Chevrolet_CRUZE HATCHBACK
Midsize Cars,6.7204,Chevrolet_CRUZE HATCHBACK
Midsize Cars,7.5876,Chevrolet_CRUZE PREMIER HATCHBACK
Midsize Cars,7.4572,Chevrolet_MALIBU
Midsize Cars,5.0727,Chevrolet_MALIBU
Midsize Cars,9.1194,Chevrolet_MALIBU
Midsize Cars,10.3256,Dodge_Challenger
Midsize Cars,12.3395,Dodge_Challenger
Midsize Cars,13.0957,Dodge_Challenger
Midsize Cars,13.1868,Dodge_Challenger
Midsize Cars,13.9058,Dodge_Challenger
Midsize Cars,10.9885,Dodge_Challenger GT
Midsize Cars,14.4996,Dodge_Challenger SRT
Midsize Cars,15.0997,Dodge_Challenger SRT
Midsize Cars,10.2312,Ford_FUSION AWD
Midsize Cars,11.7608,Ford_FUSION AWD
Midsize Cars,8.6616,Ford_FUSION FWD
Midsize Cars,9.4785,Ford_FUSION FWD
Midsize Cars,9.5451,Ford_FUSION FWD
Midsize Cars,5.6004,Ford_FUSION HYBRID FWD
Midsize Cars,5.737,Ford_FUSION HYBRID TAXI
Midsize Cars,9.0633,Honda_ACCORD 2.0T SPORT/TOURING
Midsize Cars,6.6053,Honda_CIVIC 4Dr
Midsize Cars,7.0766,Honda_CIVIC 4Dr
Midsize Cars,7.4299,Honda_CIVIC 4Dr
Midsize Cars,7.1196,Honda_CIVIC 4Dr
Midsize Cars,7.35,Honda_CIVIC 4Dr
Midsize Cars,7.9946,Honda_CIVIC 4Dr
Midsize Cars,4.5249,Honda_INSIGHT
Midsize Cars,4.9029,Honda_INSIGHT TOURING
Midsize Cars,6.7552,HYUNDAI MOTOR COMPANY_Elantra
Midsize Cars,8.057,HYUNDAI MOTOR COMPANY_Elantra
Midsize Cars,9.4061,HYUNDAI MOTOR COMPANY_Elantra
Midsize Cars,7.4441,HYUNDAI MOTOR COMPANY_Elantra
Midsize Cars,7.9903,HYUNDAI MOTOR COMPANY_Elantra
Midsize Cars,7.2157,HYUNDAI MOTOR COMPANY_Elantra SE
Midsize Cars,5.737,HYUNDAI MOTOR COMPANY_Sonata HYBRID
Midsize Cars,5.6004,HYUNDAI MOTOR COMPANY_Sonata HYBRID SE
Midsize Cars,9.4086,INFINITI_Q50
Midsize Cars,10.2042,INFINITI_Q50
Midsize Cars,9.6576,INFINITI_Q50 AWD
Midsize Cars,10.7649,INFINITI_Q50 AWD
Midsize Cars,10.7171,INFINITI_Q50 AWD RED SPORT
Midsize Cars,10.6764,INFINITI_Q50 RED SPORT
Midsize Cars,11.031,INFINITI_Q70
Midsize Cars,12.3966,INFINITI_Q70
Midsize Cars,11.695,INFINITI_Q70 AWD
Midsize Cars,12.9757,INFINITI_Q70 AWD
Midsize Cars,6.7002,Jaguar_XF
Midsize Cars,8.2811,Jaguar_XF
Midsize Cars,10.0614,Jaguar_XF
Midsize Cars,6.9159,Jaguar_XF AWD
Midsize Cars,8.8185,Jaguar_XF AWD
Midsize Cars,10.3787,Jaguar_XF AWD
Midsize Cars,6.9851,KIA MOTORS CORPORATION_Forte
Midsize Cars,7.5872,KIA MOTORS CORPORATION_Forte
Midsize Cars,6.777,KIA MOTORS CORPORATION_Forte FE
Midsize Cars,5.6849,KIA MOTORS CORPORATION_Optima Hybrid
Midsize Cars,9.7432,KIA MOTORS CORPORATION_Stinger AWD
Midsize Cars,11.6925,KIA MOTORS CORPORATION_Stinger AWD
Midsize Cars,9.5974,KIA MOTORS CORPORATION_Stinger RWD
Midsize Cars,11.6978,KIA MOTORS CORPORATION_Stinger RWD
Midsize Cars,5.3242,LEXUS_ES 300h
Midsize Cars,9.1424,LEXUS_ES 350
Midsize Cars,9.3829,LEXUS_ES 350 F SPORT
Midsize Cars,9.1866,LEXUS_GS 300
Midsize Cars,9.7974,LEXUS_GS 300 F SPORT
Midsize Cars,10.3129,LEXUS_GS 350
Midsize Cars,10.942,LEXUS_GS 350 AWD
Midsize Cars,10.7853,LEXUS_GS 350 F SPORT
Midsize Cars,10.2671,LEXUS_LS 500
Midsize Cars,11.1463,LEXUS_LS 500 AWD
Midsize Cars,8.4019,LEXUS_LS 500h
Midsize Cars,9.1062,LEXUS_LS 500h AWD
Midsize Cars,7.2324,LEXUS_UX 200
Midsize Cars,10.2312,Lincoln_MKZ AWD
Midsize Cars,11.7987,Lincoln_MKZ AWD
Midsize Cars,9.8686,Lincoln_MKZ FWD
Midsize Cars,11.2477,Lincoln_MKZ FWD
Midsize Cars,5.737,Lincoln_MKZ HYBRID FWD
Midsize Cars,12.5615,MASERATI_Ghibli  S RWD
Midsize Cars,12.1725,MASERATI_Ghibli V6 Rear Wheel Drive (RWD)
Midsize Cars,12.5864,MASERATI_Ghibli V6 SQ4 AWD
Midsize Cars,7.9472,MAZDA_Mazda3 5-Door 2WD
Midsize Cars,8.06,MAZDA_Mazda3 5-Door 2WD
Midsize Cars,8.7117,MAZDA_Mazda3 5-Door 4WD
Midsize Cars,8.0035,MAZDA_MAZDA6
Midsize Cars,8.9047,MAZDA_MAZDA6
Midsize Cars,8.7117,MAZDA_MAZDA6
Midsize Cars,13.4356,Mercedes-Benz_AMG E 63 S 4MATIC
Midsize Cars,9.7965,Mercedes-Benz_AMG E53 4MATIC+
Midsize Cars,9.5143,Mercedes-Benz_E 300
Midsize Cars,9.6902,Mercedes-Benz_E 300 4MATIC
Midsize Cars,10.3567,Mercedes-Benz_E 450 4MATIC
Midsize Cars,8.63,Mini_COOPER CLUBMAN
Midsize Cars,8.4817,Mini_COOPER CLUBMAN
Midsize Cars,9.0417,Mini_COOPER CLUBMAN ALL4
Midsize Cars,9.0984,Mini_COOPER CLUBMAN ALL4
Midsize Cars,8.63,Mini_COOPER COUNTRYMAN
Midsize Cars,8.4817,Mini_COOPER COUNTRYMAN
Midsize Cars,9.2349,Mini_COOPER COUNTRYMAN ALL4
Midsize Cars,9.0984,Mini_COOPER COUNTRYMAN ALL4
Midsize Cars,8.8392,Mini_COOPER S CLUBMAN
Midsize Cars,9.2909,Mini_COOPER S CLUBMAN
Midsize Cars,9.1689,Mini_COOPER S CLUBMAN ALL4
Midsize Cars,9.736,Mini_COOPER S CLUBMAN ALL4
Midsize Cars,8.8392,Mini_COOPER S COUNTRYMAN
Midsize Cars,9.2089,Mini_COOPER S COUNTRYMAN ALL4
Midsize Cars,9.72,Mini_COOPER S COUNTRYMAN ALL4
Midsize Cars,9.3357,Mini_JCW COUNTRYMAN ALL4
Midsize Cars,9.72,Mini_JCW COUNTRYMAN ALL4
Midsize Cars,9.1689,Mini_JOHN COOPER WORKS CLUBMAN ALL4
Midsize Cars,9.736,Mini_JOHN COOPER WORKS CLUBMAN ALL4
Midsize Cars,7.3505,NISSAN_ALTIMA
Midsize Cars,7.7841,NISSAN_ALTIMA AWD
Midsize Cars,8.1109,NISSAN_ALTIMA AWD SR/PLATINUM
Midsize Cars,8.2223,NISSAN_ALTIMA SR/PLATINUM
Midsize Cars,7.6038,NISSAN_ALTIMA SR/PLATINUM
Midsize Cars,7.1703,NISSAN_Kicks
Midsize Cars,9.6937,NISSAN_MAXIMA
Midsize Cars,8.1109,NISSAN_SENTRA
Midsize Cars,7.292,NISSAN_SENTRA
Midsize Cars,7.842,NISSAN_SENTRA
Midsize Cars,8.7117,NISSAN_SENTRA NISMO
Midsize Cars,8.7117,NISSAN_SENTRA NISMO
Midsize Cars,16.5835,Rolls-Royce Motor Cars Limited_Wraith
Midsize Cars,7.4601,Subaru_IMPREZA 4-Door
Midsize Cars,8.8057,Subaru_IMPREZA 4-Door
Midsize Cars,7.7264,Subaru_IMPREZA 4-Door SPORT
Midsize Cars,8.9696,Subaru_IMPREZA 4-Door SPORT
Midsize Cars,8.2495,Subaru_LEGACY
Midsize Cars,10.2943,Subaru_LEGACY
Midsize Cars,9.4351,TOYOTA_AVALON
Midsize Cars,5.4415,TOYOTA_AVALON HYBRID
Midsize Cars,5.3908,TOYOTA_AVALON HYBRID XLE
Midsize Cars,9.073,TOYOTA_AVALON XLE
Midsize Cars,6.9225,TOYOTA_CAMRY
Midsize Cars,8.9811,TOYOTA_CAMRY
Midsize Cars,4.5452,TOYOTA_CAMRY HYBRID LE
Midsize Cars,5.0874,TOYOTA_CAMRY HYBRID XLE/SE
Midsize Cars,7.353,TOYOTA_CAMRY LE/SE
Midsize Cars,7.2775,TOYOTA_CAMRY XLE/XSE
Midsize Cars,9.1764,TOYOTA_CAMRY XSE
Midsize Cars,7.4613,TOYOTA_COROLLA
Midsize Cars,7.611,TOYOTA_COROLLA
Midsize Cars,7.7358,TOYOTA_COROLLA
Midsize Cars,6.9109,TOYOTA_COROLLA LE ECO
Midsize Cars,7.2028,TOYOTA_COROLLA LE ECO
Midsize Cars,4.489,TOYOTA_PRIUS
Midsize Cars,4.7043,TOYOTA_PRIUS AWD
Midsize Cars,4.2229,TOYOTA_PRIUS Eco
Midsize Cars,8.0503,Volkswagen_Passat
Midsize Cars,9.5522,"Volvo Cars of North America, LLC_S90 AWD"
Midsize Cars,9.1762,"Volvo Cars of North America, LLC_S90 AWD"
Midsize Cars,8.7117,"Volvo Cars of North America, LLC_S90 FWD"
Large Cars,10.776,Audi_A8L
Large Cars,8.7801,BMW_330i xDrive Gran Turismo
Large Cars,10.1813,BMW_340i xDrive Gran Turismo
Large Cars,10.296,BMW_640i xDrive Gran Turismo
Large Cars,9.862,BMW_740i
Large Cars,10.1813,BMW_740i xDrive
Large Cars,11.4185,BMW_750i
Large Cars,11.8759,BMW_750i xDrive
Large Cars,11.8759,BMW_Alpina B7 xDrive
Large Cars,15.0511,BMW_M760i xDrive
Large Cars,8.9432,BMW_X1 sDrive28i
Large Cars,9.291,BMW_X1 xDrive28i
Large Cars,8.4005,Cadillac_CT6
Large Cars,11.3416,Cadillac_CT6 AWD
Large Cars,11.0968,Cadillac_CT6 AWD
Large Cars,10.8096,Cadillac_XTS
Large Cars,11.7608,Cadillac_XTS AWD
Large Cars,12.8191,Cadillac_XTS AWD
Large Cars,9.5748,Chevrolet_IMPALA
Large Cars,10.7311,Chevrolet_IMPALA
Large Cars,10.8136,Chevrolet_IMPALA
Large Cars,10.3256,Chrysler_300
Large Cars,10.3256,Chrysler_300
Large Cars,12.3395,Chrysler_300
Large Cars,10.9885,Chrysler_300 AWD
Large Cars,10.9885,Chrysler_300 AWD
Large Cars,10.3256,Dodge_Charger
Large Cars,10.3256,Dodge_Charger
Large Cars,12.3395,Dodge_Charger
Large Cars,13.1868,Dodge_Charger
Large Cars,10.9885,Dodge_Charger AWD
Large Cars,14.4996,Dodge_Charger SRT
Large Cars,12.3797,Ford_TAURUS AWD
Large Cars,12.4488,Ford_TAURUS AWD
Large Cars,12.3797,Ford_TAURUS AWD FFV
Large Cars,11.3086,Ford_TAURUS FWD
Large Cars,11.3086,Ford_TAURUS FWD FFV
Large Cars,11.943,GENESIS_G80 AWD
Large Cars,11.6923,GENESIS_G80 AWD
Large Cars,13.215,GENESIS_G80 AWD
Large Cars,11.6428,GENESIS_G80 RWD
Large Cars,11.1149,GENESIS_G80 RWD
Large Cars,12.5035,GENESIS_G80 RWD
Large Cars,11.8656,GENESIS_G90 AWD
Large Cars,12.9931,GENESIS_G90 AWD
Large Cars,11.9499,GENESIS_G90 RWD
Large Cars,12.6781,GENESIS_G90 RWD
Large Cars,7.0675,Honda_ACCORD
Large Cars,7.5191,Honda_ACCORD
Large Cars,7.9159,Honda_ACCORD
Large Cars,8.7012,Honda_ACCORD
Large Cars,4.8532,Honda_ACCORD
Large Cars,9.1609,Honda_ACCORD
Large Cars,6.8757,Honda_CIVIC 5Dr
Large Cars,7.2984,Honda_CIVIC 5Dr
Large Cars,7.2268,Honda_CIVIC 5Dr
Large Cars,9.5929,Honda_CIVIC 5Dr
Large Cars,8.51,HYUNDAI MOTOR COMPANY_Elantra GT
Large Cars,9.2056,HYUNDAI MOTOR COMPANY_Elantra GT
Large Cars,8.5567,HYUNDAI MOTOR COMPANY_Elantra GT
Large Cars,4.3089,HYUNDAI MOTOR COMPANY_Ioniq
Large Cars,4.0707,HYUNDAI MOTOR COMPANY_Ioniq Blue
Large Cars,7.5462,HYUNDAI MOTOR COMPANY_Sonata
Large Cars,9.0536,HYUNDAI MOTOR COMPANY_Sonata
Large Cars,8.3492,HYUNDAI MOTOR COMPANY_Sonata
Large Cars,8.0872,HYUNDAI MOTOR COMPANY_Sonata SE
Large Cars,10.9982,Jaguar_XJ
Large Cars,13.3054,Jaguar_XJ
Large Cars,11.7712,Jaguar_XJ AWD
Large Cars,11.0842,Jaguar_XJL
Large Cars,13.3054,Jaguar_XJL
Large Cars,11.9184,Jaguar_XJL AWD
Large Cars,10.2808,KIA MOTORS CORPORATION_Cadenza
Large Cars,11.2738,KIA MOTORS CORPORATION_K900
Large Cars,7.7058,KIA MOTORS CORPORATION_Optima
Large Cars,9.7195,KIA MOTORS CORPORATION_Optima
Large Cars,8.5616,KIA MOTORS CORPORATION_Optima
Large Cars,8.1714,KIA MOTORS CORPORATION_Optima FE
Large Cars,11.9062,Lincoln_CONTINENTAL AWD
Large Cars,12.3601,Lincoln_CONTINENTAL AWD
Large Cars,12.2515,Lincoln_CONTINENTAL AWD
Large Cars,11.2255,Lincoln_CONTINENTAL FWD
Large Cars,11.6669,Lincoln_CONTINENTAL FWD
Large Cars,12.806,MASERATI_QUATTROPORTE S
Large Cars,12.8453,MASERATI_QUATTROPORTE SQ4 V6
Large Cars,13.6808,MASERATI_QUATTROPORTE V8
Large Cars,11.746,Mercedes-Benz_AMG S 63 4MATIC
Large Cars,15.1494,Mercedes-Benz_AMG S 65
Large Cars,15.1103,Mercedes-Benz_Maybach S 650
Large Cars,10.7047,Mercedes-Benz_S 450
Large Cars,10.8328,Mercedes-Benz_S 450 4MATIC
Large Cars,11.4686,Mercedes-Benz_S 560
Large Cars,11.3329,Mercedes-Benz_S 560 4MATIC
Large Cars,12.1164,Mercedes-Benz_S 560 4MATIC Maybach
Large Cars,10.5394,Porsche_Panamera 4
Large Cars,10.5394,Porsche_Panamera 4 Executive
Large Cars,11.2007,Porsche_Panamera 4S
Large Cars,11.2007,Porsche_Panamera 4S Executive
Large Cars,12.4607,Porsche_Panamera GTS
Large Cars,12.9158,Porsche_Panamera GTS ST
Large Cars,11.2089,Porsche_Panamera Turbo
Large Cars,11.2089,Porsche_Panamera Turbo Executive
Large Cars,11.936,Porsche_Panamera Turbo ST
Large Cars,16.9323,Rolls-Royce Motor Cars Limited_Ghost
Large Cars,16.9323,Rolls-Royce Motor Cars Limited_Ghost EWB
Large Cars,16.3446,Rolls-Royce Motor Cars Limited_Phantom
Large Cars,16.3446,Rolls-Royce Motor Cars Limited_Phantom EWB
Large Cars,9.3202,Volkswagen_Arteon
Large Cars,10.4319,Volkswagen_Arteon 4Motion
Small Station Wagons,8.7801,BMW_330i xDrive Sports Wagon
Small Station Wagons,9.647,Buick_REGAL TOUR X AWD
Small Station Wagons,8.1593,Chevrolet_SONIC 5
Small Station Wagons,7.9979,Chevrolet_SONIC 5
Small Station Wagons,9.4319,FIAT_500L
Small Station Wagons,6.4501,Honda_FIT
Small Station Wagons,7.1277,Honda_FIT
Small Station Wagons,7.4738,Honda_FIT
Small Station Wagons,8.236,Honda_HR-V AWD
Small Station Wagons,8.3154,Honda_HR-V AWD
Small Station Wagons,7.7757,Honda_HR-V FWD
Small Station Wagons,7.7757,Honda_HR-V FWD
Small Station Wagons,4.83,KIA MOTORS CORPORATION_Niro
Small Station Wagons,4.666,KIA MOTORS CORPORATION_Niro FE
Small Station Wagons,5.4479,KIA MOTORS CORPORATION_Niro Touring
Small Station Wagons,8.4816,KIA MOTORS CORPORATION_Soul
Small Station Wagons,8.3841,KIA MOTORS CORPORATION_Soul
Small Station Wagons,8.8331,KIA MOTORS CORPORATION_Soul
Small Station Wagons,8.7785,KIA MOTORS CORPORATION_Soul
Small Station Wagons,8.4005,NISSAN_Rogue Sport
Small Station Wagons,8.7117,NISSAN_Rogue Sport AWD
Small Station Wagons,7.5305,Subaru_IMPREZA 5-Door
Small Station Wagons,8.9062,Subaru_IMPREZA 5-Door
Small Station Wagons,7.776,Subaru_IMPREZA 5-Door SPORT
Small Station Wagons,9.3085,Subaru_IMPREZA 5-Door SPORT
Small Station Wagons,9.4502,Volkswagen_Golf Alltrack
Small Station Wagons,9.612,Volkswagen_Golf Alltrack
Small Station Wagons,7.6376,Volkswagen_Golf SportWagen
Small Station Wagons,7.2898,Volkswagen_Golf SportWagen
Small Station Wagons,9.612,Volkswagen_Golf SportWagen 4Motion
Small Station Wagons,9.3399,Volkswagen_Golf SportWagen 4Motion
Small Station Wagons,9.5522,"Volvo Cars of North America, LLC_V60 AWD"
Small Station Wagons,9.3377,"Volvo Cars of North America, LLC_V60 CC AWD"
Small Station Wagons,8.4075,"Volvo Cars of North America, LLC_V60 FWD"
Midsize Station Wagons,11.3201,Jaguar_XF Sportbrake AWD
Midsize Station Wagons,12.656,Mercedes-Benz_AMG E 63 S 4MATIC (Station Wagon
Midsize Station Wagons,9.5911,Mercedes-Benz_AMG GLA 45 4MATIC
Midsize Station Wagons,10.7839,Mercedes-Benz_E 450 4MATIC (station wagon)
Midsize Station Wagons,10.2599,NISSAN_MURANO AWD
Midsize Station Wagons,10.1066,NISSAN_MURANO FWD
Midsize Station Wagons,16.3446,Rolls-Royce Motor Cars Limited_Cullinan
Midsize Station Wagons,9.5522,"Volvo Cars of North America, LLC_V90 AWD"
Midsize Station Wagons,9.8856,"Volvo Cars of North America, LLC_V90 CC AWD"
Midsize Station Wagons,9.3745,"Volvo Cars of North America, LLC_V90 CC AWD"
Midsize Station Wagons,8.7117,"Volvo Cars of North America, LLC_V90 FWD"
Small Pick-up Trucks 2WD,10.7633,Chevrolet_COLORADO 2WD
Small Pick-up Trucks 2WD,10.6794,Chevrolet_COLORADO 2WD
Small Pick-up Trucks 2WD,10.0542,Chevrolet_COLORADO 2WD
Small Pick-up Trucks 2WD,11.6604,Chevrolet_COLORADO 2WD
Small Pick-up Trucks 2WD,10.7633,GMC_CANYON 2WD
Small Pick-up Trucks 2WD,10.6794,GMC_CANYON 2WD
Small Pick-up Trucks 2WD,10.0542,GMC_CANYON 2WD
Small Pick-up Trucks 2WD,11.6604,GMC_CANYON 2WD
Small Pick-up Trucks 2WD,10.9269,Honda_RIDGELINE FWD
Small Pick-up Trucks 2WD,12.319,NISSAN_FRONTIER 2WD
Small Pick-up Trucks 2WD,11.1448,NISSAN_FRONTIER 2WD
Small Pick-up Trucks 2WD,12.6539,NISSAN_FRONTIER 2WD
Small Pick-up Trucks 2WD,12.7016,NISSAN_FRONTIER 2WD
Small Pick-up Trucks 2WD,13.028,NISSAN_FRONTIER 2WD FFV
Small Pick-up Trucks 2WD,11.158,TOYOTA_TACOMA 2WD
Small Pick-up Trucks 2WD,11.3929,TOYOTA_TACOMA 2WD
Small Pick-up Trucks 4WD,11.3532,Chevrolet_COLORADO 4WD
Small Pick-up Trucks 4WD,10.52,Chevrolet_COLORADO 4WD
Small Pick-up Trucks 4WD,12.1749,Chevrolet_COLORADO 4WD
Small Pick-up Trucks 4WD,12.1145,Chevrolet_COLORADO ZR2 4WD
Small Pick-up Trucks 4WD,14.0855,Chevrolet_COLORADO ZR2 4WD
Small Pick-up Trucks 4WD,11.3532,GMC_CANYON 4WD
Small Pick-up Trucks 4WD,10.52,GMC_CANYON 4WD
Small Pick-up Trucks 4WD,12.1749,GMC_CANYON 4WD
Small Pick-up Trucks 4WD,13.6977,NISSAN_FRONTIER 4WD
Small Pick-up Trucks 4WD,13.4333,NISSAN_FRONTIER 4WD
Small Pick-up Trucks 4WD,13.7375,NISSAN_FRONTIER 4WD FFV
Small Pick-up Trucks 4WD,11.7281,TOYOTA_TACOMA 4WD
Small Pick-up Trucks 4WD,11.861,TOYOTA_TACOMA 4WD
Small Pick-up Trucks 4WD,12.7207,TOYOTA_TACOMA 4WD
Small Pick-up Trucks 4WD,12.8472,TOYOTA_TACOMA 4WD D-CAB V6 MT OFF-ROAD
Small Pick-up Trucks 4WD,11.861,TOYOTA_TACOMA 4WD TRD PRO
Small Pick-up Trucks 4WD,12.8472,TOYOTA_TACOMA 4WD TRD PRO
Standard Pick-up Trucks 2WD,11.1477,Chevrolet_C10 SILVERADO 2WD
Standard Pick-up Trucks 2WD,11.7336,Chevrolet_C10 SILVERADO 2WD
Standard Pick-up Trucks 2WD,13.4572,Chevrolet_C10 SILVERADO 2WD
Standard Pick-up Trucks 2WD,13.984,Chevrolet_C10 SILVERADO 2WD
Standard Pick-up Trucks 2WD,13.8758,Chevrolet_C10 SILVERADO 2WD
Standard Pick-up Trucks 2WD,12.0651,Chevrolet_C10 SILVERADO 2WD
Standard Pick-up Trucks 2WD,12.3857,Chevrolet_C10 SILVERADO 2WD
Standard Pick-up Trucks 2WD,13.4879,Chevrolet_C15 SILVERADO LD 2WD
Standard Pick-up Trucks 2WD,11.2007,Ford_F150 2.7L 2WD GVWR>6649 LBS
Standard Pick-up Trucks 2WD,11.2007,Ford_F150 2WD BASE PAYLOAD LT TIRE
Standard Pick-up Trucks 2WD,9.8006,Ford_F150 2WD BASE PAYLOAD LT TIRE
Standard Pick-up Trucks 2WD,12.3797,Ford_F150 2WD BASE PAYLOAD LT TIRE
Standard Pick-up Trucks 2WD,11.2007,Ford_F150 2WD FFV BASE PAYLOAD LT
Standard Pick-up Trucks 2WD,13.0675,Ford_F150 2WD FFV BASE PAYLOAD LT
Standard Pick-up Trucks 2WD,12.3797,Ford_F150 3.5L 2WD GVWR>7599 LBS
Standard Pick-up Trucks 2WD,13.8362,Ford_F150 5.0L 2WD FFV GVWR>7599 LBS
Standard Pick-up Trucks 2WD,10.5615,Ford_F150 PICKUP 2WD
Standard Pick-up Trucks 2WD,9.5319,Ford_F150 PICKUP 2WD
Standard Pick-up Trucks 2WD,11.3206,Ford_F150 PICKUP 2WD
Standard Pick-up Trucks 2WD,10.9059,Ford_F150 PICKUP 2WD FFV
Standard Pick-up Trucks 2WD,12.2492,Ford_F150 PICKUP 2WD FFV
Standard Pick-up Trucks 2WD,12.2391,Ford_F150 PICKUP 2WD LIMITED
Standard Pick-up Trucks 2WD,10.0843,Ford_RANGER 2WD
Standard Pick-up Trucks 2WD,11.1477,GMC_C10 SIERRA 2WD
Standard Pick-up Trucks 2WD,11.7336,GMC_C10 SIERRA 2WD
Standard Pick-up Trucks 2WD,13.4621,GMC_C10 SIERRA 2WD
Standard Pick-up Trucks 2WD,13.984,GMC_C10 SIERRA 2WD
Standard Pick-up Trucks 2WD,13.8758,GMC_C10 SIERRA 2WD
Standard Pick-up Trucks 2WD,12.0651,GMC_C10 SIERRA 2WD
Standard Pick-up Trucks 2WD,12.4844,GMC_C10 SIERRA 2WD
Standard Pick-up Trucks 2WD,13.4879,GMC_C15 SIERRA LTD 2WD
Standard Pick-up Trucks 2WD,13.3338,NISSAN_TITAN 2WD
Standard Pick-up Trucks 2WD,10.7885,RAM_1500 4X2
Standard Pick-up Trucks 2WD,12.3709,RAM_1500 4X2
Standard Pick-up Trucks 2WD,13.622,RAM_1500 4X2
Standard Pick-up Trucks 2WD,11.9288,RAM_1500 Classic 4X2
Standard Pick-up Trucks 2WD,13.5409,RAM_1500 Classic 4X2
Standard Pick-up Trucks 2WD,10.4327,RAM_1500 HFE 4X2
Standard Pick-up Trucks 2WD,19.3274,"Roush Industries, Inc._F150 Pickup 2WD"
Standard Pick-up Trucks 2WD,14.7009,TOYOTA_TUNDRA 2WD
Standard Pick-up Trucks 2WD,15.777,TOYOTA_TUNDRA 2WD
Standard Pick-up Trucks 4WD,11.7336,Chevrolet_K10 SILVERADO 4WD
Standard Pick-up Trucks 4WD,12.2872,Chevrolet_K10 SILVERADO 4WD
Standard Pick-up Trucks 4WD,14.0413,Chevrolet_K10 SILVERADO 4WD
Standard Pick-up Trucks 4WD,14.4615,Chevrolet_K10 SILVERADO 4WD
Standard Pick-up Trucks 4WD,13.6756,Chevrolet_K10 SILVERADO 4WD
Standard Pick-up Trucks 4WD,13.0125,Chevrolet_K10 SILVERADO 4WD
Standard Pick-up Trucks 4WD,13.6602,Chevrolet_K10 SILVERADO 4WD
Standard Pick-up Trucks 4WD,14.7883,Chevrolet_K10 SILVERADO 4WD TRAILBOSS
Standard Pick-up Trucks 4WD,14.7009,Chevrolet_K10 SILVERADO 4WD TRAILBOSS
Standard Pick-up Trucks 4WD,13.4745,Chevrolet_K10 SILVERADO 4WD TRAILBOSS
Standard Pick-up Trucks 4WD,13.6577,Chevrolet_K15 SILVERADO LD 4WD
Standard Pick-up Trucks 4WD,11.7608,Ford_F150 2.7L 4WD GVWR>6799 LBS
Standard Pick-up Trucks 4WD,13.0675,Ford_F150 3.5L 4WD GVWR>7599 LBS
Standard Pick-up Trucks 4WD,11.7608,Ford_F150 4WD BASE PAYLOAD LT TIRE
Standard Pick-up Trucks 4WD,10.6854,Ford_F150 4WD BASE PAYLOAD LT TIRE
Standard Pick-up Trucks 4WD,13.0675,Ford_F150 4WD BASE PAYLOAD LT TIRE
Standard Pick-up Trucks 4WD,12.3797,Ford_F150 4WD FFV BASE PAYLOAD LT
Standard Pick-up Trucks 4WD,13.8362,Ford_F150 4WD FFV BASE PAYLOAD LT
Standard Pick-up Trucks 4WD,14.7009,Ford_F150 5.0L 4WD FFV GVWR>7599 LBS
Standard Pick-up Trucks 4WD,11.2136,Ford_F150 PICKUP 4WD
Standard Pick-up Trucks 4WD,10.6854,Ford_F150 PICKUP 4WD
Standard Pick-up Trucks 4WD,12.4956,Ford_F150 PICKUP 4WD
Standard Pick-up Trucks 4WD,11.6237,Ford_F150 PICKUP 4WD FFV
Standard Pick-up Trucks 4WD,13.1817,Ford_F150 PICKUP 4WD FFV
Standard Pick-up Trucks 4WD,12.4652,Ford_F150 PICKUP 4WD LIMITED
Standard Pick-up Trucks 4WD,9.6901,Ford_F150 PICKUP 4WD XL/XLT
Standard Pick-up Trucks 4WD,14.3358,Ford_F150 RAPTOR 4WD
Standard Pick-up Trucks 4WD,10.6931,Ford_RANGER 4WD
Standard Pick-up Trucks 4WD,11.8216,GMC_K10 SIERRA 4WD
Standard Pick-up Trucks 4WD,12.5973,GMC_K10 SIERRA 4WD
Standard Pick-up Trucks 4WD,14.0413,GMC_K10 SIERRA 4WD
Standard Pick-up Trucks 4WD,14.4297,GMC_K10 SIERRA 4WD
Standard Pick-up Trucks 4WD,14.0465,GMC_K10 SIERRA 4WD
Standard Pick-up Trucks 4WD,13.4745,GMC_K10 SIERRA 4WD
Standard Pick-up Trucks 4WD,13.8963,GMC_K10 SIERRA 4WD
Standard Pick-up Trucks 4WD,13.4745,GMC_K10 SIERRA 4WD AT4
Standard Pick-up Trucks 4WD,13.6329,GMC_K10 SIERRA 4WD AT4
Standard Pick-up Trucks 4WD,13.6577,GMC_K15 SIERRA LTD 4WD
Standard Pick-up Trucks 4WD,11.3154,Honda_RIDGELINE AWD
Standard Pick-up Trucks 4WD,13.3536,NISSAN_TITAN 4WD
Standard Pick-up Trucks 4WD,13.8529,NISSAN_TITAN 4WD PRO-4X
Standard Pick-up Trucks 4WD,11.0731,RAM_1500 4X4
Standard Pick-up Trucks 4WD,12.5212,RAM_1500 4X4
Standard Pick-up Trucks 4WD,13.8182,RAM_1500 4X4
Standard Pick-up Trucks 4WD,12.5757,RAM_1500 Classic 4X4
Standard Pick-up Trucks 4WD,13.9705,RAM_1500 Classic 4X4
Standard Pick-up Trucks 4WD,19.3274,"Roush Industries, Inc._F150 Pickup 4WD"
Standard Pick-up Trucks 4WD,14.837,TOYOTA_TUNDRA 4WD
Standard Pick-up Trucks 4WD,16.2577,TOYOTA_TUNDRA 4WD
Standard Pick-up Trucks 4WD,16.0928,TOYOTA_TUNDRA 4WD FFV
"Vans, Passenger Type",14.6074,Ford_Transit T150 Wagon
"Vans, Passenger Type",15.2213,Ford_Transit T150 Wagon
"Vans, Passenger Type",15.2225,Ford_TRANSIT T150 WAGON FFV
Special Purpose Vehicle 2WD,13.7422,Cadillac_XTS HEARSE
Special Purpose Vehicle 2WD,13.7422,Cadillac_XTS LIMO
Special Purpose Vehicle 2WD,12.8423,Ford_RANGER 2WD INCOMPLETE
Special Purpose Vehicle 2WD,10.5627,Ford_TRANSIT CONNECT USPS
Special Purpose Vehicle 2WD,9.3357,Ford_Transit Connect Van 2WD
Special Purpose Vehicle 2WD,10.5372,Ford_Transit Connect Van 2WD
Special Purpose Vehicle 2WD,9.3357,Ford_TRANSIT CONNECT VAN FFV
Special Purpose Vehicle 2WD,9.1625,Ford_TRANSIT CONNECT WAGON LWB FFV
Special Purpose Vehicle 2WD,9.1625,Ford_Transit Connect Wagon LWB FWD
Special Purpose Vehicle 2WD,10.5926,Ford_Transit Connect Wagon LWB FWD
Special Purpose Vehicle 2WD,10.6904,Mercedes-Benz_Metris (Cargo Van)
Special Purpose Vehicle 2WD,10.517,"Mercedes-Benz_Metris (Cargo Van, LWB)"
Special Purpose Vehicle 2WD,11.4075,Mercedes-Benz_Metris (Passenger Van)
Special Purpose Vehicle 2WD,9.3408,NISSAN_NV200 Cargo Van
Special Purpose Vehicle 2WD,9.7242,NISSAN_NV200 NYC Taxi
Special Purpose Vehicle 2WD,9.8923,RAM_Promaster City
Special Purpose Vehicle 4WD,14.4882,Lincoln_MKT HEARSE AWD
Special Purpose Vehicle 4WD,15.2149,Lincoln_MKT LIMO AWD
Special Purpose Vehicle 4WD,13.0675,Lincoln_MKT LIVERY AWD
Special Purpose Vehicle cab chassis,13.8362,Chevrolet_C10 SILVERADO 2WD CAB CHASSIS
Special Purpose Vehicle cab chassis,14.7009,Chevrolet_C10 SILVERADO 2WD CAB CHASSIS
Special Purpose Vehicle cab chassis,15.2404,Chevrolet_COLORADO CAB CHASSIS 2WD
Special Purpose Vehicle cab chassis,15.681,Chevrolet_K10 SILVERADO 4WD CAB CHASSIS
Special Purpose Vehicle cab chassis,15.681,Chevrolet_K10 SILVERADO 4WD CAB CHASSIS
Special Purpose Vehicle cab chassis,13.8362,GMC_C10 SIERRA 2WD CAB CHASSIS
Special Purpose Vehicle cab chassis,14.7009,GMC_C10 SIERRA 2WD CAB CHASSIS
Special Purpose Vehicle cab chassis,15.2404,GMC_CANYON CAB CHASSIS 2WD
Special Purpose Vehicle cab chassis,15.681,GMC_K10 SIERRA 4WD CAB CHASSIS
Special Purpose Vehicle cab chassis,15.681,GMC_K10 SIERRA 4WD CAB CHASSIS
"Special Purpose Vehicle, minivan 2WD",10.5737,Chrysler_Pacifica
"Special Purpose Vehicle, minivan 2WD",10.6065,Chrysler_Pacifica
"Special Purpose Vehicle, minivan 2WD",11.7949,Dodge_Grand Caravan
"Special Purpose Vehicle, minivan 2WD",11.7949,Dodge_Grand Caravan
"Special Purpose Vehicle, minivan 2WD",10.5227,Honda_ODYSSEY FWD
"Special Purpose Vehicle, minivan 2WD",10.7235,Honda_ODYSSEY FWD
"Special Purpose Vehicle, minivan 2WD",11.4619,KIA MOTORS CORPORATION_Sedona
"Special Purpose Vehicle, minivan 2WD",10.7866,TOYOTA_SIENNA
"Special Purpose Vehicle, minivan 4WD",11.6835,TOYOTA_SIENNA AWD
Small SUV 2WD,10.2267,Acura_MDX FWD
Small SUV 2WD,9.8006,Acura_RDX FWD
Small SUV 2WD,9.9504,Acura_RDX FWD A-SPEC
Small SUV 2WD,9.2873,ALFA ROMEO_Stelvio
Small SUV 2WD,8.7175,Buick_ENCORE
Small SUV 2WD,8.28,Buick_ENCORE
Small SUV 2WD,9.5256,Buick_ENVISION FWD
Small SUV 2WD,8.8811,Cadillac_XT4 FWD
Small SUV 2WD,10.7292,Cadillac_XT5
Small SUV 2WD,9.8917,Chevrolet_BLAZER FWD
Small SUV 2WD,10.6917,Chevrolet_BLAZER FWD
Small SUV 2WD,8.3468,Chevrolet_EQUINOX FWD
Small SUV 2WD,7.4065,Chevrolet_EQUINOX FWD
Small SUV 2WD,9.2725,Chevrolet_EQUINOX FWD
Small SUV 2WD,8.3957,Chevrolet_TRAX
Small SUV 2WD,11.1249,Dodge_Journey
Small SUV 2WD,12.0785,Dodge_Journey
Small SUV 2WD,8.3693,Ford_ECOSPORT FWD
Small SUV 2WD,9.5946,Ford_EDGE FWD
Small SUV 2WD,9.0014,Ford_ESCAPE FWD
Small SUV 2WD,9.5287,Ford_ESCAPE FWD
Small SUV 2WD,9.7399,Ford_ESCAPE FWD
Small SUV 2WD,9.7399,Ford_ESCAPE FWD FFV
Small SUV 2WD,8.4336,GMC_TERRAIN FWD
Small SUV 2WD,7.4065,GMC_TERRAIN FWD
Small SUV 2WD,9.8006,GMC_TERRAIN FWD
Small SUV 2WD,7.7527,Honda_CR-V FWD
Small SUV 2WD,8.2986,Honda_CR-V FWD
Small SUV 2WD,10.7567,Honda_PASSPORT FWD
Small SUV 2WD,10.5225,Honda_PILOT FWD
Small SUV 2WD,10.3609,Honda_PILOT FWD
Small SUV 2WD,7.9708,HYUNDAI MOTOR COMPANY_Kona FWD
Small SUV 2WD,7.8896,HYUNDAI MOTOR COMPANY_Kona FWD
Small SUV 2WD,10.8437,HYUNDAI MOTOR COMPANY_Santa Fe FWD
Small SUV 2WD,9.5599,HYUNDAI MOTOR COMPANY_Santa Fe FWD
Small SUV 2WD,11.4723,HYUNDAI MOTOR COMPANY_Santa Fe XL FWD
Small SUV 2WD,11.9365,HYUNDAI MOTOR COMPANY_Santa Fe XL Ultimate FWD
Small SUV 2WD,9.0846,HYUNDAI MOTOR COMPANY_Tucson FWD
Small SUV 2WD,9.5925,HYUNDAI MOTOR COMPANY_Tucson FWD
Small SUV 2WD,8.8576,INFINITI_QX50
Small SUV 2WD,10.5468,INFINITI_QX60 FWD
Small SUV 2WD,9.1207,Jeep_Cherokee FWD
Small SUV 2WD,9.327,Jeep_Cherokee FWD
Small SUV 2WD,10.2366,Jeep_Cherokee FWD
Small SUV 2WD,9.26,Jeep_Compass 4X2
Small SUV 2WD,8.9888,Jeep_Compass 4X2
Small SUV 2WD,8.7273,Jeep_Renegade 4x2
Small SUV 2WD,9.4568,Jeep_Renegade 4x2
Small SUV 2WD,9.5936,KIA MOTORS CORPORATION_Sorento FWD
Small SUV 2WD,10.93,KIA MOTORS CORPORATION_Sorento FWD
Small SUV 2WD,9.2716,KIA MOTORS CORPORATION_Sportage FE FWD
Small SUV 2WD,10.3744,KIA MOTORS CORPORATION_Sportage FWD
Small SUV 2WD,9.4304,KIA MOTORS CORPORATION_Sportage FWD
Small SUV 2WD,9.5581,LEXUS_NX 300
Small SUV 2WD,10.4011,LEXUS_RX 350
Small SUV 2WD,10.6948,LEXUS_RX 350L
Small SUV 2WD,10.3777,Lincoln_MKC  FWD
Small SUV 2WD,10.2267,Lincoln_NAUTILUS FWD
Small SUV 2WD,10.4592,Lincoln_NAUTILUS FWD
Small SUV 2WD,8.5386,MAZDA_CX-5 2WD
Small SUV 2WD,9.4244,MAZDA_CX-5 2WD
Small SUV 2WD,9.6336,MAZDA_CX-9 2WD
Small SUV 2WD,8.5785,Mercedes-Benz_GLA 250
Small SUV 2WD,9.8165,Mercedes-Benz_GLC 300
Small SUV 2WD,9.0467,Mitsubishi Motors Corporation_ECLIPSE CROSS 2WD
Small SUV 2WD,8.7117,Mitsubishi Motors Corporation_ECLIPSE CROSS ES 2WD
Small SUV 2WD,8.6001,Mitsubishi Motors Corporation_OUTLANDER 2WD
Small SUV 2WD,8.8433,Mitsubishi Motors Corporation_OUTLANDER SPORT 2WD
Small SUV 2WD,9.4086,Mitsubishi Motors Corporation_OUTLANDER SPORT 2WD
Small SUV 2WD,9.4086,Mitsubishi Motors Corporation_OUTLANDER SPORT 2WD
Small SUV 2WD,10.4348,NISSAN_PATHFINDER 2WD
Small SUV 2WD,8.2377,NISSAN_ROGUE FWD
Small SUV 2WD,6.832,NISSAN_ROGUE FWD Hybrid
Small SUV 2WD,10.9129,TOYOTA_HIGHLANDER
Small SUV 2WD,10.2914,TOYOTA_HIGHLANDER
Small SUV 2WD,10.0962,TOYOTA_HIGHLANDER LE/XLE/SE/LTD
Small SUV 2WD,7.7677,TOYOTA_RAV4
Small SUV 2WD,10.4606,Volkswagen_Atlas
Small SUV 2WD,12.1284,Volkswagen_Atlas
Small SUV 2WD,9.4625,Volkswagen_Tiguan
Small SUV 2WD,8.8062,"Volvo Cars of North America, LLC_XC40 FWD"
Small SUV 2WD,9.6516,"Volvo Cars of North America, LLC_XC60 FWD"
Small SUV 4WD,8.7727,Acura_MDX AWD
Small SUV 4WD,10.6619,Acura_MDX AWD
Small SUV 4WD,11.0174,Acura_MDX AWD A-spec
Small SUV 4WD,10.2267,Acura_RDX AWD
Small SUV 4WD,10.2571,Acura_RDX AWD A-SPEC
Small SUV 4WD,9.6349,ALFA ROMEO_Stelvio AWD
Small SUV 4WD,12.4475,ALFA ROMEO_Stelvio AWD
Small SUV 4WD,9.9236,Audi_Q5
Small SUV 4WD,11.4603,Audi_SQ5
Small SUV 4WD,10.38,BMW_X3 M40i
Small SUV 4WD,9.0953,BMW_X3 sDrive30i
Small SUV 4WD,9.555,BMW_X3 xDrive30i
Small SUV 4WD,10.38,BMW_X4 M40i
Small SUV 4WD,9.555,BMW_X4 xDrive30i
Small SUV 4WD,9.1312,Buick_ENCORE AWD
Small SUV 4WD,8.7517,Buick_ENCORE AWD
Small SUV 4WD,10.6506,Buick_ENVISION AWD
Small SUV 4WD,9.9569,Buick_ENVISION AWD
Small SUV 4WD,9.6582,Cadillac_XT4 AWD
Small SUV 4WD,11.2411,Cadillac_XT5 AWD
Small SUV 4WD,11.2733,Chevrolet_BLAZER AWD
Small SUV 4WD,8.6428,Chevrolet_EQUINOX AWD
Small SUV 4WD,7.3927,Chevrolet_EQUINOX AWD
Small SUV 4WD,9.7251,Chevrolet_EQUINOX AWD
Small SUV 4WD,9.1312,Chevrolet_TRAX AWD
Small SUV 4WD,12.4488,Dodge_Journey AWD
Small SUV 4WD,9.0552,FIAT_500X AWD
Small SUV 4WD,9.4086,Ford_ECOSPORT AWD
Small SUV 4WD,10.0328,Ford_EDGE AWD
Small SUV 4WD,11.0722,Ford_EDGE AWD
Small SUV 4WD,9.7025,Ford_ESCAPE AWD
Small SUV 4WD,10.1982,Ford_ESCAPE AWD
Small SUV 4WD,9.0479,GMC_TERRAIN AWD
Small SUV 4WD,7.3927,GMC_TERRAIN AWD
Small SUV 4WD,10.2267,GMC_TERRAIN AWD
Small SUV 4WD,8.0008,Honda_CR-V AWD
Small SUV 4WD,8.7237,Honda_CR-V AWD
Small SUV 4WD,11.2802,Honda_PASSPORT AWD
Small SUV 4WD,11.1256,Honda_PILOT AWD
Small SUV 4WD,10.6652,Honda_PILOT AWD
Small SUV 4WD,8.5617,HYUNDAI MOTOR COMPANY_Kona AWD
Small SUV 4WD,8.5715,HYUNDAI MOTOR COMPANY_Kona AWD
Small SUV 4WD,11.1875,HYUNDAI MOTOR COMPANY_Santa Fe AWD
Small SUV 4WD,10.0585,HYUNDAI MOTOR COMPANY_Santa Fe AWD
Small SUV 4WD,11.7099,HYUNDAI MOTOR COMPANY_Santa Fe XL AWD
Small SUV 4WD,12.6205,HYUNDAI MOTOR COMPANY_Santa Fe XL Ultimate AWD
Small SUV 4WD,10.0823,HYUNDAI MOTOR COMPANY_Tucson AWD
Small SUV 4WD,10.1528,HYUNDAI MOTOR COMPANY_Tucson AWD
Small SUV 4WD,8.9814,INFINITI_QX50 AWD
Small SUV 4WD,10.8431,INFINITI_QX60 AWD
Small SUV 4WD,8.1266,Jaguar_F-Pace
Small SUV 4WD,9.8807,Jaguar_F-Pace
Small SUV 4WD,11.8354,Jaguar_F-Pace
Small SUV 4WD,12.9316,Jaguar_F-Pace
Small SUV 4WD,9.8447,Jaguar_Jaguar E-Pace P250
Small SUV 4WD,10.0405,Jaguar_Jaguar E-Pace P300
Small SUV 4WD,9.766,Jeep_Cherokee 4X4
Small SUV 4WD,9.7272,Jeep_Cherokee 4X4
Small SUV 4WD,10.6001,Jeep_Cherokee 4X4
Small SUV 4WD,10.2156,Jeep_Cherokee 4x4 Active Drive II
Small SUV 4WD,11.0624,Jeep_Cherokee 4x4 Active Drive II
Small SUV 4WD,10.5912,Jeep_Cherokee Trailhawk 4X4
Small SUV 4WD,11.3695,Jeep_Cherokee Trailhawk 4X4
Small SUV 4WD,9.4568,Jeep_Compass 4X4
Small SUV 4WD,9.3948,Jeep_Compass 4X4
Small SUV 4WD,9.203,Jeep_Renegade 4x4
Small SUV 4WD,9.83,Jeep_Renegade 4x4
Small SUV 4WD,9.8692,Jeep_Renegade Trailhawk 4x4
Small SUV 4WD,9.9746,Jeep_Wrangler 4X4
Small SUV 4WD,11.5193,Jeep_Wrangler 4X4
Small SUV 4WD,11.8192,Jeep_Wrangler 4X4
Small SUV 4WD,10.4671,Jeep_Wrangler Unlimited 4X4
Small SUV 4WD,11.5032,Jeep_Wrangler Unlimited 4X4
Small SUV 4WD,12.1622,Jeep_Wrangler Unlimited 4X4
Small SUV 4WD,10.2023,KIA MOTORS CORPORATION_Sorento AWD
Small SUV 4WD,11.2887,KIA MOTORS CORPORATION_Sorento AWD
Small SUV 4WD,11.1352,KIA MOTORS CORPORATION_Sportage AWD
Small SUV 4WD,10.4334,KIA MOTORS CORPORATION_Sportage AWD
Small SUV 4WD,10.529,KIA MOTORS CORPORATION_Sportage FE AWD
Small SUV 4WD,10.4769,Land Rover_Discovery Sport
Small SUV 4WD,10.6354,Land Rover_Discovery Sport Si4
Small SUV 4WD,9.5868,Land Rover_Range Rover Evoque 237HP
Small SUV 4WD,9.9837,Land Rover_Range Rover Evoque 286HP
Small SUV 4WD,9.8336,Land Rover_Range Rover Evoque Cabriolet
Small SUV 4WD,8.5446,Land Rover_Range Rover Velar
Small SUV 4WD,10.1629,Land Rover_Range Rover Velar
Small SUV 4WD,11.618,Land Rover_Range Rover Velar
Small SUV 4WD,9.6459,LEXUS_NX 300 AWD
Small SUV 4WD,9.9307,LEXUS_NX 300 AWD F SPORT
Small SUV 4WD,7.4899,LEXUS_NX 300h AWD
Small SUV 4WD,10.7779,LEXUS_RX 350 AWD
Small SUV 4WD,11.0725,LEXUS_RX 350L AWD
Small SUV 4WD,10.9028,Lincoln_MKC  AWD
Small SUV 4WD,10.9541,Lincoln_MKC  AWD
Small SUV 4WD,11.6369,Lincoln_MKC  AWD
Small SUV 4WD,10.6916,Lincoln_NAUTILUS AWD
Small SUV 4WD,11.0722,Lincoln_NAUTILUS AWD
Small SUV 4WD,8.9622,MAZDA_CX-5 4WD
Small SUV 4WD,9.844,MAZDA_CX-5 4WD
Small SUV 4WD,10.4084,MAZDA_CX-9 4WD
Small SUV 4WD,11.0502,Mercedes-Benz_AMG GLC 43 4MATIC
Small SUV 4WD,11.1826,Mercedes-Benz_AMG GLC 43 4MATIC (coupe)
Small SUV 4WD,12.9838,Mercedes-Benz_AMG GLC 63 4MATIC
Small SUV 4WD,12.7379,Mercedes-Benz_AMG GLC 63 4MATIC (coupe)
Small SUV 4WD,13.2105,Mercedes-Benz_AMG GLC 63 S 4MATIC (coupe)
Small SUV 4WD,8.9696,Mercedes-Benz_GLA 250 4MATIC
Small SUV 4WD,8.9696,Mercedes-Benz_GLA 250 4MATIC
Small SUV 4WD,9.9596,Mercedes-Benz_GLC 300 4MATIC
Small SUV 4WD,10.1629,Mercedes-Benz_GLC 300 4MATIC (Coupe)
Small SUV 4WD,9.2807,Mitsubishi Motors Corporation_ECLIPSE CROSS 4WD
Small SUV 4WD,8.9936,Mitsubishi Motors Corporation_ECLIPSE CROSS ES 4WD
Small SUV 4WD,9.0807,Mitsubishi Motors Corporation_OUTLANDER 4WD
Small SUV 4WD,10.6916,Mitsubishi Motors Corporation_OUTLANDER 4WD
Small SUV 4WD,9.1896,Mitsubishi Motors Corporation_OUTLANDER SPORT 4WD
Small SUV 4WD,9.3265,Mitsubishi Motors Corporation_OUTLANDER SPORT 4WD
Small SUV 4WD,10.6661,NISSAN_PATHFINDER 4WD
Small SUV 4WD,11.2007,NISSAN_PATHFINDER 4WD PLATINUM
Small SUV 4WD,8.5653,NISSAN_ROGUE AWD
Small SUV 4WD,7.2093,NISSAN_ROGUE AWD Hybrid
Small SUV 4WD,8.0546,Subaru_CROSSTREK AWD
Small SUV 4WD,9.376,Subaru_CROSSTREK AWD
Small SUV 4WD,8.2028,Subaru_FORESTER AWD
Small SUV 4WD,8.4738,Subaru_OUTBACK AWD
Small SUV 4WD,10.5394,Subaru_OUTBACK AWD
Small SUV 4WD,8.4005,TOYOTA_RAV4 AWD
Small SUV 4WD,7.7581,TOYOTA_RAV4 AWD
Small SUV 4WD,5.8535,TOYOTA_RAV4 HYBRID AWD
Small SUV 4WD,9.7688,Volkswagen_Tiguan 4Motion
Small SUV 4WD,9.0273,"Volvo Cars of North America, LLC_XC40 AWD"
Small SUV 4WD,10.5333,"Volvo Cars of North America, LLC_XC60 AWD"
Small SUV 4WD,10.3394,"Volvo Cars of North America, LLC_XC60 AWD"
Standard SUV 2WD,11.5136,BMW_X6 sDrive35i
Standard SUV 2WD,11.1135,Buick_ENCLAVE
Standard SUV 2WD,13.6959,Cadillac_ESCALADE 2WD
Standard SUV 2WD,13.371,Chevrolet_C1500 SUBURBAN 2WD
Standard SUV 2WD,13.371,Chevrolet_C1500 SUBURBAN 2WD
Standard SUV 2WD,13.6959,Chevrolet_C1500 SUBURBAN 2WD
Standard SUV 2WD,13.371,Chevrolet_C1500 TAHOE 2WD
Standard SUV 2WD,13.371,Chevrolet_C1500 TAHOE 2WD
Standard SUV 2WD,13.6959,Chevrolet_C1500 TAHOE 2WD
Standard SUV 2WD,10.6916,Chevrolet_TRAVERSE FWD
Standard SUV 2WD,11.1135,Chevrolet_TRAVERSE FWD
Standard SUV 2WD,10.9638,Dodge_Durango RWD
Standard SUV 2WD,13.8981,Dodge_Durango RWD
Standard SUV 2WD,12.0364,Ford_Expedition 2WD
Standard SUV 2WD,12.3797,Ford_Expedition MAX 2WD
Standard SUV 2WD,12.0216,Ford_EXPLORER FFV 2WD
Standard SUV 2WD,10.8125,Ford_EXPLORER FWD
Standard SUV 2WD,12.0216,Ford_EXPLORER FWD
Standard SUV 2WD,12.3797,Ford_Flex FWD
Standard SUV 2WD,10.2267,GMC_ACADIA FWD
Standard SUV 2WD,11.3731,GMC_ACADIA FWD
Standard SUV 2WD,13.371,GMC_C1500 YUKON 2WD
Standard SUV 2WD,13.371,GMC_C1500 YUKON 2WD
Standard SUV 2WD,13.6959,GMC_C1500 YUKON 2WD
Standard SUV 2WD,13.371,GMC_C1500 YUKON XL 2WD
Standard SUV 2WD,13.371,GMC_C1500 YUKON XL 2WD
Standard SUV 2WD,13.6959,GMC_C1500 YUKON XL 2WD
Standard SUV 2WD,14.4698,INFINITI_QX80 2WD
Standard SUV 2WD,10.9638,Jeep_Grand Cherokee 4X2
Standard SUV 2WD,12.225,Lincoln_MKT FWD
Standard SUV 2WD,12.5599,Lincoln_Navigator 2WD
Standard SUV 2WD,13.1356,Lincoln_Navigator L 2WD
Standard SUV 2WD,14.736,NISSAN_ARMADA 2WD
Standard SUV 2WD,12.7632,TOYOTA_4RUNNER 2WD
Standard SUV 2WD,15.8689,TOYOTA_SEQUOIA 2WD
Standard SUV 2WD,9.7145,"Volvo Cars of North America, LLC_XC90 FWD"
Standard SUV 4WD,11.0178,Audi_Q7
Standard SUV 4WD,11.1459,Audi_Q7
Standard SUV 4WD,12.5112,Audi_Q8
Standard SUV 4WD,13.5667,Bentley_Bentayga
Standard SUV 4WD,10.4868,BMW_X5 xDrive40i
Standard SUV 4WD,12.5442,BMW_X5 xDrive50i
Standard SUV 4WD,14.5627,BMW_X6 M
Standard SUV 4WD,11.6295,BMW_X6 xDrive35i
Standard SUV 4WD,12.5442,BMW_X6 xDrive50i
Standard SUV 4WD,10.8002,BMW_X7 xDrive40i
Standard SUV 4WD,13.4424,BMW_X7 xDrive50i
Standard SUV 4WD,11.6686,Buick_ENCLAVE AWD
Standard SUV 4WD,14.1711,Cadillac_ESCALADE 4WD
Standard SUV 4WD,14.3176,Chevrolet_K1500 SUBURBAN 4WD
Standard SUV 4WD,14.3173,Chevrolet_K1500 SUBURBAN 4WD
Standard SUV 4WD,14.6419,Chevrolet_K1500 SUBURBAN 4WD
Standard SUV 4WD,13.5805,Chevrolet_K1500 TAHOE 4WD
Standard SUV 4WD,13.5805,Chevrolet_K1500 TAHOE 4WD
Standard SUV 4WD,13.9464,Chevrolet_K1500 TAHOE 4WD
Standard SUV 4WD,11.6221,Chevrolet_TRAVERSE AWD
Standard SUV 4WD,11.3218,Dodge_Durango AWD
Standard SUV 4WD,14.0943,Dodge_Durango AWD
Standard SUV 4WD,15.557,Dodge_Durango SRT AWD
Standard SUV 4WD,12.4402,Ford_Expedition 4WD
Standard SUV 4WD,13.0675,Ford_Expedition MAX 4WD
Standard SUV 4WD,11.3514,Ford_EXPLORER AWD
Standard SUV 4WD,12.6464,Ford_EXPLORER AWD
Standard SUV 4WD,13.2301,Ford_EXPLORER AWD
Standard SUV 4WD,12.736,Ford_EXPLORER FFV AWD
Standard SUV 4WD,13.8362,Ford_FLEX AWD
Standard SUV 4WD,13.0675,Ford_FLEX AWD
Standard SUV 4WD,10.6916,GMC_ACADIA AWD
Standard SUV 4WD,11.6887,GMC_ACADIA AWD
Standard SUV 4WD,13.5805,GMC_K1500 YUKON 4WD
Standard SUV 4WD,13.5805,GMC_K1500 YUKON 4WD
Standard SUV 4WD,13.9464,GMC_K1500 YUKON 4WD
Standard SUV 4WD,14.3176,GMC_K1500 YUKON XL 4WD
Standard SUV 4WD,14.3173,GMC_K1500 YUKON XL 4WD
Standard SUV 4WD,14.6419,GMC_K1500 YUKON XL 4WD
Standard SUV 4WD,15.681,INFINITI_QX80 4WD
Standard SUV 4WD,11.3218,Jeep_Grand Cherokee 4X4
Standard SUV 4WD,14.0943,Jeep_Grand Cherokee 4X4
Standard SUV 4WD,15.737,Jeep_Grand Cherokee SRT 4x4
Standard SUV 4WD,17.6772,Jeep_Grand Cherokee Trackhawk 4x4
Standard SUV 4WD,16.882,Lamborghini_Urus
Standard SUV 4WD,10.369,Land Rover_Discovery
Standard SUV 4WD,13.2762,Land Rover_Discovery
Standard SUV 4WD,13.0013,Land Rover_Range Rover
Standard SUV 4WD,13.0013,Land Rover_Range Rover LWB
Standard SUV 4WD,15.562,Land Rover_Range Rover LWB SVA
Standard SUV 4WD,9.6462,Land Rover_Range Rover Sport
Standard SUV 4WD,12.3991,Land Rover_Range Rover Sport
Standard SUV 4WD,12.5748,Land Rover_Range Rover Sport
Standard SUV 4WD,14.3074,Land Rover_Range Rover Sport SVR
Standard SUV 4WD,15.0998,Land Rover_Range Rover SV Coupe
Standard SUV 4WD,9.6462,Land Rover_Range Rover SVA
Standard SUV 4WD,12.3991,Land Rover_Range Rover SVA
Standard SUV 4WD,15.0998,Land Rover_Range Rover SVA
Standard SUV 4WD,14.613,LEXUS_GX 460
Standard SUV 4WD,15.8094,LEXUS_LX 570
Standard SUV 4WD,7.9003,LEXUS_RX 450h AWD
Standard SUV 4WD,8.1109,LEXUS_RX 450hL AWD
Standard SUV 4WD,13.8362,Lincoln_MKT AWD
Standard SUV 4WD,13.2983,Lincoln_Navigator 4WD
Standard SUV 4WD,13.7445,MASERATI_LEVANTE
Standard SUV 4WD,15.3128,MASERATI_LEVANTE GTS
Standard SUV 4WD,14.0125,MASERATI_LEVANTE S
Standard SUV 4WD,15.3128,MASERATI_LEVANTE Trofeo
Standard SUV 4WD,16.9899,Mercedes-Benz_AMG G 63
Standard SUV 4WD,12.4194,Mercedes-Benz_AMG GLE 43 4MATIC
Standard SUV 4WD,12.6194,Mercedes-Benz_AMG GLE 43 4MATIC (coupe)
Standard SUV 4WD,16.7167,Mercedes-Benz_AMG GLE 63
Standard SUV 4WD,15.4794,Mercedes-Benz_AMG GLE 63 S
Standard SUV 4WD,15.2654,Mercedes-Benz_AMG GLE 63 S (coupe)
Standard SUV 4WD,15.881,Mercedes-Benz_AMG GLS 63
Standard SUV 4WD,16.2566,Mercedes-Benz_G 550
Standard SUV 4WD,12.0467,Mercedes-Benz_GLE 400 4MATIC
Standard SUV 4WD,12.9162,Mercedes-Benz_GLS 450 4MATIC
Standard SUV 4WD,15.1111,Mercedes-Benz_GLS 550 4MATIC
Standard SUV 4WD,15.4747,NISSAN_ARMADA 4WD
Standard SUV 4WD,11.3769,Porsche_Cayenne
Standard SUV 4WD,11.7855,Porsche_Cayenne S
Standard SUV 4WD,13.8571,Porsche_Cayenne Turbo
Standard SUV 4WD,10.2692,Subaru_ASCENT
Standard SUV 4WD,10.6658,Subaru_ASCENT LIMITED/TOURING
Standard SUV 4WD,13.0886,TOYOTA_4RUNNER 4WD
Standard SUV 4WD,13.0886,TOYOTA_4RUNNER 4WD
Standard SUV 4WD,10.5815,TOYOTA_HIGHLANDER AWD
Standard SUV 4WD,10.6465,TOYOTA_HIGHLANDER AWD
Standard SUV 4WD,10.3678,TOYOTA_HIGHLANDER AWD LE
Standard SUV 4WD,8.2718,TOYOTA_HIGHLANDER HYBRID AWD
Standard SUV 4WD,8.1369,TOYOTA_HIGHLANDER HYBRID AWD LE
Standard SUV 4WD,15.7547,TOYOTA_LAND CRUISER WAGON 4WD
Standard SUV 4WD,16.3302,TOYOTA_SEQUOIA 4WD
Standard SUV 4WD,12.1982,Volkswagen_Atlas 4Motion
Standard SUV 4WD,10.6913,"Volvo Cars of North America, LLC_XC90 AWD"
Standard SUV 4WD,10.3394,"Volvo Cars of North America, LLC_XC90 AWD"
